relation_id,relation_name,mapping_type,train_support,test_support,head_support,tail_support,eligible_support,hits_r,alpha_r,delta_r,directional_inverse_strength,directional_best_inverse_partner_id,directional_best_inverse_partner_name,directional_best_inverse_overlap_count,directional_best_reverse_directional_score,directional_best_overlap_jaccard,mutual_inverse_strength,mutual_best_inverse_partner_id,mutual_best_inverse_partner_name,mutual_best_inverse_overlap_count,mutual_best_directional_score,mutual_best_reverse_directional_score,mutual_best_overlap_jaccard,second_best_mutual_inverse_strength,second_best_mutual_partner_id,second_best_mutual_partner_name,inverse_clarity
0,/location/country/form_of_government,M-N,298,43,43,43,67,0.6445182817322868,0.28358209133148193,0.1791044776119403,0.0,,,0,0.0,0.0,0.0,,,0,0.0,0.0,0.0,0.0,,,0.0
1,/tv/tv_program/regular_cast./tv/regular_tv_appearance/actor,1-N,1272,91,91,91,72,0.23940346283572062,0.625,0.3055555555555556,0.3498427672955975,38,/award/award_nominee/award_nominations./award/award_nomination/nominated_for,445,0.0708937390473156,0.06264076576576577,0.11789641012054576,38,/award/award_nominee/award_nominations./award/award_nomination/nominated_for,445,0.3498427672955975,0.0708937390473156,0.06264076576576577,0.045023696682464455,145,/tv/tv_producer/programs_produced./tv/tv_producer_term/program,0.0728727134380813
2,/media_common/netflix_genre/titles,M-N,2671,124,124,124,144,0.4879032245704106,0.3333333432674408,0.1875,0.48408835642081616,31,/film/film/genre,1293,0.1779031370390754,0.14954892435808467,0.26018714156353756,31,/film/film/genre,1293,0.48408835642081616,0.1779031370390754,0.14954892435808467,0.06183536825521859,28,/film/film/country,0.19835177330831896
3,/award/award_winner/awards_won./award/award_honor/award_winner,M-N,8423,41,41,41,55,0.5975609762328011,0.23636363446712494,0.12727272727272726,0.7446278048201354,8,/award/award_nominee/award_nominations./award/award_nomination/award_nominee,6272,0.3922696854087185,0.34575523704520394,0.5138456496804851,8,/award/award_nominee/award_nominations./award/award_nomination/award_nominee,6272,0.7446278048201354,0.3922696854087185,0.34575523704520394,0.02214616468693376,45,/base/popstra/celebrity/friendship./base/popstra/friendship/participant,0.4916994849935513
4,/soccer/football_team/current_roster./sports/sports_team_roster/position,M-N,2262,12,12,12,12,0.5,0.0,0.0,0.8081343943412909,130,/sports/sports_position/players./sports/sports_team_roster/team,1828,0.5222857142857142,0.4646670055922725,0.6345019090593543,130,/sports/sports_position/players./sports/sports_team_roster/team,1828,0.8081343943412909,0.5222857142857142,0.4646670055922725,0.0,,,0.6345019090593543
5,/soccer/football_team/current_roster./soccer/football_roster_position/position,M-N,2265,10,10,10,10,0.5,0.0,0.0,0.8141280353200883,130,/sports/sports_position/players./sports/sports_team_roster/team,1844,0.5268571428571428,0.47028819178780923,0.6397224631396357,130,/sports/sports_position/players./sports/sports_team_roster/team,1844,0.8141280353200883,0.5268571428571428,0.47028819178780923,0.0,,,0.6397224631396357
6,/film/actor/film./film/performance/film,M-N,9494,836,836,836,349,0.11508885664599282,0.7134670615196228,0.335243553008596,0.1014324836738993,12,/award/award_winning_work/awards_won./award/award_honor/award_winner,963,0.32185828877005346,0.08357198646185889,0.15425276309466604,12,/award/award_winning_work/awards_won./award/award_honor/award_winner,963,0.1014324836738993,0.32185828877005346,0.08357198646185889,0.028596440035016053,109,/film/film/written_by,0.12565632305965
7,/award/award_category/nominees./award/award_nomination/nominated_for,M-N,9465,858,858,858,1058,0.4850149835859026,0.43005672097206116,0.1890359168241966,0.23423137876386688,30,/award/award_winning_work/awards_won./award/award_honor/award,2217,0.6697885196374622,0.20998295131653721,0.3470841487279844,30,/award/award_winning_work/awards_won./award/award_honor/award,2217,0.23423137876386688,0.6697885196374622,0.20998295131653721,0.0007399870502266211,19,/award/award_nominee/award_nominations./award/award_nomination/award,0.3463441616777578
8,/award/award_nominee/award_nominations./award/award_nomination/award_nominee,M-N,15989,214,214,214,359,0.760347136429378,0.19498607516288757,0.08913649025069638,0.3922696854087185,3,/award/award_winner/awards_won./award/award_honor/award_winner,6272,0.7446278048201354,0.34575523704520394,0.5138456496804851,3,/award/award_winner/awards_won./award/award_honor/award_winner,6272,0.3922696854087185,0.7446278048201354,0.34575523704520394,0.01862857142857143,45,/base/popstra/celebrity/friendship./base/popstra/friendship/participant,0.49521707825191363
9,/music/performance_role/regular_performances./music/group_membership/role,M-N,2655,40,40,40,35,0.2464285705770765,0.7142857313156128,0.3142857142857143,0.44708097928436913,75,/music/performance_role/track_performances./music/track_contribution/role,1187,0.31277997364953886,0.2255367661029831,0.36806201550387596,75,/music/performance_role/track_performances./music/track_contribution/role,1187,0.44708097928436913,0.31277997364953886,0.2255367661029831,0.1560913705583756,57,/music/performance_role/guest_performances./music/recording_contribution/performance_role,0.21197064494550036
10,/award/award_category/winners./award/award_honor/ceremony,M-N,2834,323,323,323,619,0.9179566502571106,0.11308562010526657,0.05815831987075929,0.0,,,0,0.0,0.0,0.0,,,0,0.0,0.0,0.0,0.0,,,0.0
11,/film/film/release_date_s./film/film_regional_release_date/film_release_distribution_medium,M-1,1429,158,158,158,174,0.5108499016080584,0.09195402264595032,0.05747126436781609,0.0,,,0,0.0,0.0,0.0,,,0,0.0,0.0,0.0,0.0,,,0.0
12,/award/award_winning_work/awards_won./award/award_honor/award_winner,M-N,2992,24,24,24,29,0.45833333475249155,0.3448275923728943,0.2413793103448276,0.7754010695187166,38,/award/award_nominee/award_nominations./award/award_nomination/nominated_for,2320,0.3696033136848813,0.33386098719240176,0.5005933757686913,38,/award/award_nominee/award_nominations./award/award_nomination/nominated_for,2320,0.7754010695187166,0.3696033136848813,0.33386098719240176,0.15425276309466604,6,/film/actor/film./film/performance/film,0.34634061267402527
13,/film/film/release_date_s./film/film_regional_release_date/film_release_region,M-N,12893,1447,1447,1447,2202,0.5800671322005135,0.48092642426490784,0.21435059037238874,0.003335143100907469,2,/media_common/netflix_genre/titles,43,0.016098839385997755,0.002770440048965917,0.0055255718324338215,2,/media_common/netflix_genre/titles,43,0.003335143100907469,0.016098839385997755,0.002770440048965917,0.00014819205690574984,59,/film/film_subject/films,0.005377379775528071
14,/film/film/language,M-N,2570,314,314,314,467,0.616469510963985,0.3276231288909912,0.15845824411134904,0.01906614785992218,2,/media_common/netflix_genre/titles,49,0.018345189067764882,0.009437596302003082,0.01869872161801183,2,/media_common/netflix_genre/titles,49,0.01906614785992218,0.018345189067764882,0.009437596302003082,0.0,,,0.01869872161801183
15,/location/location/contains,M-N,5201,330,330,330,378,0.45800866399492535,0.36243385076522827,0.16137566137566137,0.0886368006152663,133,/base/biblioness/bibs_location/country,461,0.7557377049180328,0.08616822429906543,0.15866460161762175,133,/base/biblioness/bibs_location/country,461,0.0886368006152663,0.7557377049180328,0.08616822429906543,0.12214532871972317,62,/base/aareas/schema/administrative_area/administrative_parent,0.03651927289789858
16,/organization/organization/headquarters./location/mailing_address/country,M-1,182,7,7,7,6,0.4285714328289032,0.0,0.0,0.5659340659340659,15,/location/location/contains,103,0.01980388386848683,0.01950757575757576,0.03826862344417611,15,/location/location/contains,103,0.5659340659340659,0.01980388386848683,0.01950757575757576,0.0,,,0.03826862344417611
17,/people/person/profession,M-N,10945,1311,1311,1311,1668,0.5443500110081264,0.2625899314880371,0.11750599520383694,0.0001827318410232983,20,/music/genre/artists,2,0.0003401360544217687,0.00011888486001307734,0.0003624830086089714,211,/tv/non_character_role/tv_regular_personal_appearances./tv/tv_regular_personal_appearance/person,2,0.0001827318410232983,0.022222222222222223,0.00018127435874195594,0.00023774145616641898,20,/music/genre/artists,0.00012474155244255244
18,/location/statistical_region/religions./location/religion_percentage/religion,M-N,596,60,60,60,109,0.7880952443395343,0.26605504751205444,0.14678899082568808,0.0,,,0,0.0,0.0,0.0,,,0,0.0,0.0,0.0,0.0,,,0.0
19,/award/award_nominee/award_nominations./award/award_nomination/award,M-N,12157,1067,1067,1067,1236,0.44818583130836487,0.44983819127082825,0.19579288025889968,0.31932220120095417,47,/award/award_category/winners./award/award_honor/award_winner,3882,0.6842940243257536,0.27831947232578147,0.4354458777341559,47,/award/award_category/winners./award/award_honor/award_winner,3882,0.31932220120095417,0.6842940243257536,0.27831947232578147,0.0007399870502266211,7,/award/award_category/nominees./award/award_nomination/nominated_for,0.4347058906839293
20,/music/genre/artists,M-N,5880,664,664,664,832,0.46987952079091755,0.45673078298568726,0.20432692307692307,0.0003401360544217687,17,/people/person/profession,2,0.0001827318410232983,0.00011888486001307734,0.0003049710277523635,52,/music/genre/parent_genre,1,0.00017006802721088434,0.0014749262536873156,0.00015250876925423213,0.00026136957658128593,41,/music/artist/track_contributions./music/track_contribution/role,4.3601451171077594e-05
21,/influence/influence_node/influenced_by,M-N,1908,235,235,235,226,0.31094224538121906,0.6548672318458557,0.3141592920353982,0.013626834381551363,196,/influence/influence_node/peers./influence/peer_relationship/peers,26,0.1566265060240964,0.0126953125,0.025072324011571844,196,/influence/influence_node/peers./influence/peer_relationship/peers,26,0.013626834381551363,0.1566265060240964,0.0126953125,0.005264697279906405,45,/base/popstra/celebrity/friendship./base/popstra/friendship/participant,0.01980762673166544
22,/education/educational_institution/students_graduates./education/education/student,1-N,2640,311,311,311,174,0.1635277909891946,0.7126436829566956,0.3103448275862069,0.006818181818181818,159,/people/person/employment_history./business/employment_tenure/company,18,0.056962025316455694,0.006126616746085773,0.012178619756427604,159,/people/person/employment_history./business/employment_tenure/company,18,0.006818181818181818,0.056962025316455694,0.006126616746085773,0.0007202016564638099,226,/organization/organization_founder/organizations_founded,0.011458418099963794
23,/organization/organization_member/member_of./organization/organization_membership/organization,M-N,797,96,96,96,177,0.8422619019235883,0.16384181380271912,0.0903954802259887,0.050188205771643665,168,/user/ktrueman/default_domain/international_organization/member_states,40,0.22346368715083798,0.042735042735042736,0.0819672131147541,168,/user/ktrueman/default_domain/international_organization/member_states,40,0.050188205771643665,0.22346368715083798,0.042735042735042736,0.0022123893805309734,165,/government/political_party/politicians_in_this_party./government/political_party_tenure/politician,0.07975482373422313
24,/people/person/place_of_birth,M-1,2465,170,170,170,87,0.18193277716636658,0.5517241358757019,0.26436781609195403,0.00040567951318458417,21,/influence/influence_node/influenced_by,1,0.0005241090146750524,0.00022872827081427266,0.0007107320540156361,122,/base/popstra/location/vacationers./base/popstra/vacation_choice/vacationer,1,0.00040567951318458417,0.0028653295128939827,0.00035549235691432633,0.000457351932311914,21,/influence/influence_node/influenced_by,0.00025338012170372207
25,/common/topic/webpage./common/webpage/category,M-1,3612,402,402,402,418,0.5076403617858887,0.031100478023290634,0.019138755980861243,0.0,,,0,0.0,0.0,0.0,,,0,0.0,0.0,0.0,0.0,,,0.0
26,/film/film/other_crew./film/film_crew_gig/film_crew_role,M-N,5305,606,606,606,767,0.5410183923585075,0.24250325560569763,0.1121251629726206,0.0,,,0,0.0,0.0,0.0,,,0,0.0,0.0,0.0,0.0,,,0.0
27,/award/award_ceremony/awards_presented./award/award_honor/award_winner,M-N,2727,317,317,317,383,0.46597567200660706,0.4647519588470459,0.22193211488250653,0.0,,,0,0.0,0.0,0.0,,,0,0.0,0.0,0.0,0.0,,,0.0
28,/film/film/country,M-1,2407,131,131,131,137,0.48364231841904776,0.131386861205101,0.06569343065693431,0.06522642293311176,2,/media_common/netflix_genre/titles,157,0.058779483339573196,0.031904084535663485,0.06183536825521859,2,/media_common/netflix_genre/titles,157,0.06522642293311176,0.058779483339573196,0.031904084535663485,0.00132890365448505,59,/film/film_subject/films,0.06050646460073354
29,/olympics/olympic_sport/athletes./olympics/olympic_athlete_affiliation/country,M-N,2130,258,258,258,438,0.6973975556237357,0.38127854466438293,0.1872146118721461,0.0,,,0,0.0,0.0,0.0,,,0,0.0,0.0,0.0,0.0,,,0.0
30,/award/award_winning_work/awards_won./award/award_honor/award,M-N,3310,118,118,118,123,0.3765133193561009,0.4796747863292694,0.24390243902439024,0.6697885196374622,7,/award/award_category/nominees./award/award_nomination/nominated_for,2217,0.23423137876386688,0.20998295131653721,0.3470841487279844,7,/award/award_category/nominees./award/award_nomination/nominated_for,2217,0.6697885196374622,0.23423137876386688,0.20998295131653721,0.00022264276967605477,47,/award/award_category/winners./award/award_honor/award_winner,0.34686150595830834
31,/film/film/genre,M-N,7268,722,722,722,818,0.46299960783549715,0.3484107553958893,0.1552567237163814,0.1779031370390754,2,/media_common/netflix_genre/titles,1293,0.48408835642081616,0.14954892435808467,0.26018714156353756,2,/media_common/netflix_genre/titles,1293,0.1779031370390754,0.48408835642081616,0.14954892435808467,0.003557362469825943,59,/film/film_subject/films,0.2566297790937116
32,/film/film_distributor/films_distributed./film/film_film_distributor_relationship/film,M-N,2337,160,160,160,176,0.4227678562913622,0.46022728085517883,0.2159090909090909,0.3080872913992298,86,/film/film/production_companies,720,0.45918367346938777,0.2260596546310832,0.36875800256081953,86,/film/film/production_companies,720,0.3080872913992298,0.45918367346938777,0.2260596546310832,0.023268905986113718,12,/award/award_winning_work/awards_won./award/award_honor/award_winner,0.34548909657470583
33,/location/statistical_region/rent50_2./measurement_unit/dated_money_value/currency,M-1,373,46,46,46,55,0.5232919199126107,0.16363635659217834,0.12727272727272726,0.0,,,0,0.0,0.0,0.0,,,0,0.0,0.0,0.0,0.0,,,0.0
34,/film/film/estimated_budget./measurement_unit/dated_money_value/currency,M-1,1210,151,151,151,207,0.5704825009618487,0.256038635969162,0.11594202898550725,0.0,,,0,0.0,0.0,0.0,,,0,0.0,0.0,0.0,0.0,,,0.0
35,/government/legislative_session/members./government/government_position_held/district_represented,M-N,1070,117,117,117,233,0.9597069365637643,0.09442060440778732,0.04721030042918455,0.0,,,0,0.0,0.0,0.0,,,0,0.0,0.0,0.0,0.0,,,0.0
36,/sports/sports_team/roster./american_football/football_historical_roster_position/position_s,M-N,622,1,1,1,1,0.5,0.0,0.0,0.8167202572347267,130,/sports/sports_position/players./sports/sports_team_roster/team,508,0.14514285714285713,0.1405644714997233,0.2464822901504124,130,/sports/sports_position/players./sports/sports_team_roster/team,508,0.8167202572347267,0.14514285714285713,0.1405644714997233,0.0058997050147492625,44,/business/job_title/people_with_this_title./business/employment_tenure/company,0.24058258513566314
37,/government/government_office_category/officeholders./government/government_position_held/jurisdiction_of_office,M-N,760,91,91,91,144,0.6318681495530265,0.3611111044883728,0.16666666666666666,0.0,,,0,0.0,0.0,0.0,,,0,0.0,0.0,0.0,0.0,,,0.0
38,/award/award_nominee/award_nominations./award/award_nomination/nominated_for,M-N,6277,132,132,132,126,0.3582251114504678,0.460317462682724,0.2619047619047619,0.3696033136848813,12,/award/award_winning_work/awards_won./award/award_honor/award_winner,2320,0.7754010695187166,0.33386098719240176,0.5005933757686913,12,/award/award_winning_work/awards_won./award/award_honor/award_winner,2320,0.3696033136848813,0.7754010695187166,0.33386098719240176,0.1314467072203121,84,/film/film/produced_by,0.36914666854837924
39,/people/deceased_person/place_of_death,M-1,695,78,78,78,60,0.3021978097302573,0.4000000059604645,0.2,0.0,,,0,0.0,0.0,0.0,,,0,0.0,0.0,0.0,0.0,,,0.0
40,/sports/pro_athlete/teams./sports/sports_team_roster/team,M-N,676,16,16,16,21,0.46875,0.4761904776096344,0.47619047619047616,0.0,,,0,0.0,0.0,0.0,,,0,0.0,0.0,0.0,0.0,,,0.0
41,/music/artist/track_contributions./music/track_contribution/role,M-N,1772,152,152,152,161,0.3735902224268232,0.5776397585868835,0.2670807453416149,0.2742663656884876,42,/music/instrument/instrumentalists,486,0.25077399380804954,0.15074441687344914,0.2619946091644205,42,/music/instrument/instrumentalists,486,0.2742663656884876,0.25077399380804954,0.15074441687344914,0.002581477896095515,92,/music/performance_role/regular_performances./music/group_membership/group,0.259413131268325
42,/music/instrument/instrumentalists,M-N,1938,153,153,153,164,0.4267040193080902,0.396341472864151,0.16463414634146342,0.25077399380804954,41,/music/artist/track_contributions./music/track_contribution/role,486,0.2742663656884876,0.15074441687344914,0.2619946091644205,41,/music/artist/track_contributions./music/track_contribution/role,486,0.25077399380804954,0.2742663656884876,0.15074441687344914,0.2194940476190476,134,/music/group_member/membership./music/group_membership/role,0.042500561545372934
43,/people/person/gender,M-1,3717,436,436,436,508,0.5296526891844613,0.13188976049423218,0.0610236220472441,0.0,,,0,0.0,0.0,0.0,,,0,0.0,0.0,0.0,0.0,,,0.0
44,/business/job_title/people_with_this_title./business/employment_tenure/company,M-N,734,85,85,85,115,0.540336149079459,0.313043475151062,0.17391304347826086,0.005449591280653951,36,/sports/sports_team/roster./american_football/football_historical_roster_position/position_s,4,0.006430868167202572,0.0029585798816568047,0.00612088752869166,169,/american_football/football_team/current_roster./sports/sports_team_roster/position,4,0.005449591280653951,0.006980802792321117,0.0030698388334612432,0.0058997050147492625,36,/sports/sports_team/roster./american_football/football_historical_roster_position/position_s,0.00022118251394239764
45,/base/popstra/celebrity/friendship./base/popstra/friendship/participant,M-N,1511,32,32,32,14,0.10491071428571429,0.7142857313156128,0.5714285714285714,0.10787557908669755,8,/award/award_nominee/award_nominations./award/award_nomination/award_nominee,163,0.010194508724748265,0.009401857299417431,0.09880749574105623,119,/celebrities/celebrity/celebrity_friends./celebrities/friendship/friend,87,0.05757776307081403,0.348,0.05197132616487455,0.05831903945111492,77,/base/popstra/celebrity/dated./base/popstra/dated/participant,0.040488456289941306
46,/business/business_operation/industry,M-1,330,41,41,41,58,0.5470383337565831,0.43103447556495667,0.1896551724137931,0.0,,,0,0.0,0.0,0.0,,,0,0.0,0.0,0.0,0.0,,,0.0
47,/award/award_category/winners./award/award_honor/award_winner,M-N,5673,217,217,217,250,0.42001316802842276,0.5120000243186951,0.224,0.6842940243257536,19,/award/award_nominee/award_nominations./award/award_nomination/award,3882,0.31932220120095417,0.27831947232578147,0.4354458777341559,19,/award/award_nominee/award_nominations./award/award_nomination/award,3882,0.6842940243257536,0.31932220120095417,0.27831947232578147,0.00022264276967605477,30,/award/award_winning_work/awards_won./award/award_honor/award,0.43522323496447984
48,/people/person/nationality,M-1,4197,494,494,494,557,0.5208212988717216,0.13285458087921143,0.06463195691202872,0.0004765308553728854,122,/base/popstra/location/vacationers./base/popstra/vacation_choice/vacationer,2,0.0057306590257879654,0.00044014084507042255,0.0008798944126704796,122,/base/popstra/location/vacationers./base/popstra/vacation_choice/vacationer,2,0.0004765308553728854,0.0057306590257879654,0.00044014084507042255,0.0,,,0.0008798944126704796
49,/sports/sports_team/roster./baseball/baseball_roster_position/position,M-N,183,3,3,3,6,1.0,0.0,0.0,0.8032786885245902,130,/sports/sports_position/players./sports/sports_team_roster/team,147,0.042,0.04157239819004525,0.07982622861797448,130,/sports/sports_position/players./sports/sports_team_roster/team,147,0.8032786885245902,0.042,0.04157239819004525,0.0,,,0.07982622861797448
50,/people/cause_of_death/people,1-N,737,94,94,94,75,0.2819148898124695,0.5199999809265137,0.24,0.0,,,0,0.0,0.0,0.0,,,0,0.0,0.0,0.0,0.0,,,0.0
51,/tv/tv_program/languages,M-1,254,24,24,24,47,0.9345238123621259,0.10638298094272614,0.06382978723404255,0.0,,,0,0.0,0.0,0.0,,,0,0.0,0.0,0.0,0.0,,,0.0
52,/music/genre/parent_genre,M-N,678,97,97,97,134,0.5508100049836295,0.44029849767684937,0.1865671641791045,0.0014749262536873156,20,/music/genre/artists,1,0.00017006802721088434,0.00015250876925423213,0.0003049710277523635,20,/music/genre/artists,1,0.0014749262536873156,0.00017006802721088434,0.00015250876925423213,0.0,,,0.0003049710277523635
53,/base/popstra/celebrity/breakup./base/popstra/breakup/participant,1-1,153,0,0,0,0,,,,0.7320261437908496,77,/base/popstra/celebrity/dated./base/popstra/dated/participant,112,0.07977207977207977,0.07750865051903114,0.14395886889460155,164,/celebrities/celebrity/sexual_relationships./celebrities/romantic_relationship/celebrity,28,0.1830065359477124,0.11864406779661017,0.07756232686980609,0.1438664097623635,77,/base/popstra/celebrity/dated./base/popstra/dated/participant,9.245913223804303e-05
54,/location/country/capital,1-1,142,11,11,11,9,0.29220779878752573,0.7777777910232544,0.5555555555555556,0.4014084507042254,133,/base/biblioness/bibs_location/country,57,0.09344262295081968,0.08201438848920864,0.15159574468085107,133,/base/biblioness/bibs_location/country,57,0.4014084507042254,0.09344262295081968,0.08201438848920864,0.10606060606060605,135,/location/administrative_division/country,0.045535138620245025
55,/film/special_film_performance_type/film_performance_type./film/performance/film,1-N,93,11,11,11,14,0.6298701167106628,0.0714285746216774,0.07142857142857142,0.0,,,0,0.0,0.0,0.0,,,0,0.0,0.0,0.0,0.0,,,0.0
56,/location/hud_county_place/place,1-1,459,48,48,48,96,1.0,0.0,0.0,0.02832244008714597,111,/location/hud_county_place/county,13,0.04262295081967213,0.017310252996005325,0.034374999999999996,190,/location/us_county/county_seat,11,0.023965141612200435,0.06077348066298342,0.017488076311605722,0.034031413612565446,111,/location/hud_county_place/county,0.0003435863874345496
57,/music/performance_role/guest_performances./music/recording_contribution/performance_role,M-N,497,2,2,2,4,0.6785714285714286,0.5,0.25,0.5975855130784709,75,/music/performance_role/track_performances./music/track_contribution/role,297,0.0782608695652174,0.07434292866082604,0.1560913705583756,9,/music/performance_role/regular_performances./music/group_membership/role,246,0.4949698189134809,0.09265536723163842,0.08465244322092223,0.13839701770736254,75,/music/performance_role/track_performances./music/track_contribution/role,0.017694352851013062
58,/location/location/adjoin_s./location/adjoining_relationship/adjoins,M-N,2051,55,55,55,93,0.7246753232819694,0.31182795763015747,0.21505376344086022,0.017064846416382253,152,/military/military_combatant/military_conflicts./military/military_combatant_group/combatants,35,0.04685408299866131,0.012667390517553384,0.02501786990707648,152,/military/military_combatant/military_conflicts./military/military_combatant_group/combatants,35,0.017064846416382253,0.04685408299866131,0.012667390517553384,0.017094017094017096,218,/location/statistical_region/places_exported_to./location/imports_and_exports/exported_to,0.007923852813059386
59,/film/film_subject/films,1-N,603,77,77,77,70,0.329313542161669,0.5428571701049805,0.24285714285714285,0.02321724709784411,31,/film/film/genre,14,0.001926252063841497,0.0017818505791014382,0.0037974683544303796,106,/film/film/featured_film_locations,3,0.004975124378109453,0.0030706243602865915,0.0019023462270133164,0.003557362469825943,31,/film/film/genre,0.00024010588460443658
60,/base/schemastaging/person_extra/net_worth./measurement_unit/dated_money_value/currency,M-1,475,60,60,60,71,0.5261904767581395,0.15492957830429077,0.11267605633802817,0.0,,,0,0.0,0.0,0.0,,,0,0.0,0.0,0.0,0.0,,,0.0
61,/education/educational_institution/colors,M-N,856,90,90,90,92,0.4238095240933554,0.33695653080940247,0.1956521739130435,0.0,,,0,0.0,0.0,0.0,,,0,0.0,0.0,0.0,0.0,,,0.0
62,/base/aareas/schema/administrative_area/administrative_parent,M-1,579,25,25,25,46,0.8828571353639875,0.06521739065647125,0.043478260869565216,0.6096718480138169,15,/location/location/contains,353,0.06787156316093058,0.06504514464713469,0.12214532871972317,15,/location/location/contains,353,0.6096718480138169,0.06787156316093058,0.06504514464713469,0.061452513966480445,144,/base/aareas/schema/administrative_area/capital,0.06069281475324272
63,/organization/role/leaders./organization/leadership/organization,1-N,756,70,70,70,82,0.5255102089473179,0.1463414579629898,0.07317073170731707,0.0,,,0,0.0,0.0,0.0,,,0,0.0,0.0,0.0,0.0,,,0.0
64,/government/legislative_session/members./government/government_position_held/legislative_sessions,M-N,814,13,13,13,26,1.0,0.0,0.0,0.0,,,0,0.0,0.0,0.0,,,0,0.0,0.0,0.0,0.0,,,0.0
65,/olympics/olympic_games/sports,M-N,664,13,13,13,26,1.0,0.0,0.0,0.39457831325301207,104,/olympics/olympic_sport/athletes./olympics/olympic_athlete_affiliation/olympics,262,0.6876640419947506,0.334610472541507,0.5014354066985646,104,/olympics/olympic_sport/athletes./olympics/olympic_athlete_affiliation/olympics,262,0.39457831325301207,0.6876640419947506,0.334610472541507,0.0,,,0.5014354066985646
66,/people/person/places_lived./people/place_lived/location,M-N,3738,305,305,305,173,0.1950819662639073,0.5491329431533813,0.2658959537572254,0.002140181915462814,122,/base/popstra/location/vacationers./base/popstra/vacation_choice/vacationer,8,0.022922636103151862,0.001961265015935278,0.003914851969659897,122,/base/popstra/location/vacationers./base/popstra/vacation_choice/vacationer,8,0.002140181915462814,0.022922636103151862,0.001961265015935278,0.00031357792411414236,22,/education/educational_institution/students_graduates./education/education/student,0.003601274045545755
67,/award/award_category/disciplines_or_subjects,M-N,204,15,15,15,26,0.7523809501102993,0.26923078298568726,0.19230769230769232,0.0,,,0,0.0,0.0,0.0,,,0,0.0,0.0,0.0,0.0,,,0.0
68,/sports/professional_sports_team/draft_picks./sports/sports_league_draft_pick/school,M-N,688,86,86,86,98,0.27740863391331266,0.8061224222183228,0.3673469387755102,0.0,,,0,0.0,0.0,0.0,,,0,0.0,0.0,0.0,0.0,,,0.0
69,/olympics/olympic_participating_country/medals_won./olympics/olympic_medal_honor/olympics,M-N,1153,63,63,63,105,0.7721088358334133,0.21904762089252472,0.09523809523809523,0.18300086730268864,157,/olympics/olympic_games/participating_countries,211,0.4306122448979592,0.1473463687150838,0.2568472306755934,157,/olympics/olympic_games/participating_countries,211,0.18300086730268864,0.4306122448979592,0.1473463687150838,0.0013192612137203166,163,/time/event/locations,0.25552796946187306
70,/language/human_language/countries_spoken_in,M-N,335,25,25,25,34,0.4428571420056479,0.5882353186607361,0.29411764705882354,0.39104477611940297,221,/location/country/official_language,131,0.5822222222222222,0.30536130536130535,0.46785714285714286,221,/location/country/official_language,131,0.39104477611940297,0.5822222222222222,0.30536130536130535,0.0,,,0.46785714285714286
71,/people/ethnicity/people,1-N,2063,251,251,251,257,0.41519635915756226,0.35797664523124695,0.20233463035019456,0.0,,,0,0.0,0.0,0.0,,,0,0.0,0.0,0.0,0.0,,,0.0
72,/olympics/olympic_participating_country/athletes./olympics/olympic_athlete_affiliation/olympics,M-N,760,31,31,31,37,0.4539170392921993,0.37837839126586914,0.24324324324324326,0.24210526315789474,157,/olympics/olympic_games/participating_countries,184,0.37551020408163266,0.1726078799249531,0.2944,157,/olympics/olympic_games/participating_countries,184,0.24210526315789474,0.37551020408163266,0.1726078799249531,0.0,,,0.2944
73,/olympics/olympic_participating_country/medals_won./olympics/olympic_medal_honor/medal,M-N,256,38,38,38,70,0.8571428741727557,0.15714286267757416,0.08571428571428572,0.0,,,0,0.0,0.0,0.0,,,0,0.0,0.0,0.0,0.0,,,0.0
74,/film/film/other_crew./film/film_crew_gig/crewmember,M-1,384,26,26,26,28,0.3516483519758497,0.7142857313156128,0.35714285714285715,0.24479166666666666,38,/award/award_nominee/award_nominations./award/award_nomination/nominated_for,94,0.014975306675163294,0.014313994213491702,0.028223990391833056,38,/award/award_nominee/award_nominations./award/award_nomination/nominated_for,94,0.24479166666666666,0.014975306675163294,0.014313994213491702,0.003218020917135961,102,/film/director/film,0.025005969474697097
75,/music/performance_role/track_performances./music/track_contribution/role,M-N,3795,53,53,53,51,0.33153638669422697,0.6078431606292725,0.3137254901960784,0.31277997364953886,9,/music/performance_role/regular_performances./music/group_membership/role,1187,0.44708097928436913,0.2255367661029831,0.36806201550387596,9,/music/performance_role/regular_performances./music/group_membership/role,1187,0.31277997364953886,0.44708097928436913,0.2255367661029831,0.13839701770736254,57,/music/performance_role/guest_performances./music/recording_contribution/performance_role,0.22966499779651342
76,/music/record_label/artist,M-N,2226,266,266,266,242,0.283297530242375,0.6983470916748047,0.32644628099173556,0.006289308176100629,159,/people/person/employment_history./business/employment_tenure/company,14,0.04430379746835443,0.005537974683544304,0.011014948859166013,159,/people/person/employment_history./business/employment_tenure/company,14,0.006289308176100629,0.04430379746835443,0.005537974683544304,0.00761743546339399,226,/organization/organization_founder/organizations_founded,0.0033975133957720224
77,/base/popstra/celebrity/dated./base/popstra/dated/participant,M-N,1404,11,11,11,0,0.0,,,0.09686609686609686,164,/celebrities/celebrity/sexual_relationships./celebrities/romantic_relationship/celebrity,136,0.576271186440678,0.09042553191489362,0.16585365853658537,164,/celebrities/celebrity/sexual_relationships./celebrities/romantic_relationship/celebrity,136,0.09686609686609686,0.576271186440678,0.09042553191489362,0.1438664097623635,53,/base/popstra/celebrity/breakup./base/popstra/breakup/participant,0.021987248774221868
78,/base/locations/continents/countries_within,1-N,125,5,5,5,9,0.714285705770765,0.3333333432674408,0.2222222222222222,0.0,,,0,0.0,0.0,0.0,,,0,0.0,0.0,0.0,0.0,,,0.0
79,/sports/sports_league_draft/picks./sports/sports_league_draft_pick/school,M-N,269,42,42,42,63,0.5714285714285714,0.5396825671195984,0.30158730158730157,0.0,,,0,0.0,0.0,0.0,,,0,0.0,0.0,0.0,0.0,,,0.0
80,/sports/sports_team/sport,M-1,423,53,53,53,101,0.8530997378485543,0.21782177686691284,0.12871287128712872,0.0,,,0,0.0,0.0,0.0,,,0,0.0,0.0,0.0,0.0,,,0.0
81,/education/educational_institution_campus/educational_institution,1-1,526,13,13,13,26,1.0,0.0,0.0,0.8079847908745247,146,/education/educational_institution/campuses,425,0.797373358348968,0.6703470031545742,0.8026440037771482,146,/education/educational_institution/campuses,425,0.8079847908745247,0.797373358348968,0.6703470031545742,0.025599999999999998,228,/dataworld/gardening_hint/split_to,0.7770440037771482
82,/people/person/religion,M-1,1085,127,127,127,131,0.4583801967757089,0.221374049782753,0.09923664122137404,0.0,,,0,0.0,0.0,0.0,,,0,0.0,0.0,0.0,0.0,,,0.0
83,/organization/organization/headquarters./location/mailing_address/citytown,M-1,852,55,55,55,66,0.3428571437086378,0.7121211886405945,0.3333333333333333,0.38028169014084506,15,/location/location/contains,324,0.062295712363007114,0.0565543724908361,0.10705435321328266,15,/location/location/contains,324,0.38028169014084506,0.062295712363007114,0.0565543724908361,0.008453085376162298,94,/sports/sports_team_location/teams,0.09860126783712037
84,/film/film/produced_by,M-1,1285,60,60,60,58,0.37380952494485037,0.43103447556495667,0.25862068965517243,0.3867704280155642,38,/award/award_nominee/award_nominations./award/award_nomination/nominated_for,497,0.07917795125059741,0.07034677990092003,0.2658582089552239,102,/film/director/film,285,0.22178988326848248,0.3317811408614668,0.15330823023130716,0.1314467072203121,38,/award/award_nominee/award_nominations./award/award_nomination/nominated_for,0.1344115017349118
85,/people/person/spouse_s./people/marriage/type_of_union,M-1,2909,346,346,346,357,0.5055739113262722,0.030812324956059456,0.01680672268907563,0.0,,,0,0.0,0.0,0.0,,,0,0.0,0.0,0.0,0.0,,,0.0
86,/film/film/production_companies,M-1,1568,84,84,84,107,0.5119047548089709,0.4579439163208008,0.24299065420560748,0.45918367346938777,32,/film/film_distributor/films_distributed./film/film_film_distributor_relationship/film,720,0.3080872913992298,0.2260596546310832,0.36875800256081953,32,/film/film_distributor/films_distributed./film/film_film_distributor_relationship/film,720,0.45918367346938777,0.3080872913992298,0.2260596546310832,0.04155513065646909,38,/award/award_nominee/award_nominations./award/award_nomination/nominated_for,0.32720287190435043
87,/location/country/second_level_divisions,1-N,463,46,46,46,53,0.52173912525177,0.1320754736661911,0.09433962264150944,0.11663066954643629,135,/location/administrative_division/country,54,0.13989637305699482,0.06792452830188679,0.12720848056537104,135,/location/administrative_division/country,54,0.11663066954643629,0.13989637305699482,0.06792452830188679,0.07269338303821063,133,/base/biblioness/bibs_location/country,0.05451509752716041
88,/base/culturalevent/event/entity_involved,M-N,276,20,20,20,18,0.32500000085149494,0.6111111044883728,0.2222222222222222,0.0,,,0,0.0,0.0,0.0,,,0,0.0,0.0,0.0,0.0,,,0.0
89,/education/educational_degree/people_with_this_degree./education/education/institution,M-N,2257,287,287,287,411,0.5943255509649005,0.29927006363868713,0.13381995133819952,0.00044306601683650863,124,/education/educational_institution/school_type,1,0.0013736263736263737,0.0003351206434316354,0.0006700167504187604,124,/education/educational_institution/school_type,1,0.00044306601683650863,0.0013736263736263737,0.0003351206434316354,0.0,,,0.0006700167504187604
90,/film/film/distributors./film/film_film_distributor_relationship/film_distribution_medium,M-1,285,38,38,38,58,0.6184210436684745,0.3103448152542114,0.15517241379310345,0.0,,,0,0.0,0.0,0.0,,,0,0.0,0.0,0.0,0.0,,,0.0
91,/tv/tv_program/tv_producer./tv/tv_producer_term/producer_type,M-1,121,11,11,11,20,0.7792207768985203,0.30000001192092896,0.15,0.0,,,0,0.0,0.0,0.0,,,0,0.0,0.0,0.0,0.0,,,0.0
92,/music/performance_role/regular_performances./music/group_membership/group,M-N,1327,167,167,167,272,0.6843455859592983,0.31985294818878174,0.16911764705882354,0.003014318010550113,41,/music/artist/track_contributions./music/track_contribution/role,4,0.002257336343115124,0.0012924071082390954,0.002581477896095515,41,/music/artist/track_contributions./music/track_contribution/role,4,0.003014318010550113,0.002257336343115124,0.0012924071082390954,0.0019258545979778526,134,/music/group_member/membership./music/group_membership/role,0.0006556232981176624
93,/government/politician/government_positions_held./government/government_position_held/legislative_sessions,M-N,215,30,30,30,59,0.8785714166504996,0.1525423675775528,0.11864406779661017,0.0,,,0,0.0,0.0,0.0,,,0,0.0,0.0,0.0,0.0,,,0.0
94,/sports/sports_team_location/teams,1-1,331,53,53,53,18,0.04312668527875628,0.9444444179534912,0.3888888888888889,0.015105740181268883,83,/organization/organization/headquarters./location/mailing_address/citytown,5,0.005868544600938967,0.004244482173174873,0.008453085376162298,83,/organization/organization/headquarters./location/mailing_address/citytown,5,0.015105740181268883,0.005868544600938967,0.004244482173174873,0.0019011406844106464,143,/organization/organization/headquarters./location/mailing_address/state_province_region,0.006551944691751652
95,/sports/sports_team/colors,M-N,689,77,77,77,85,0.48608533825193134,0.21176470816135406,0.09411764705882353,0.0,,,0,0.0,0.0,0.0,,,0,0.0,0.0,0.0,0.0,,,0.0
96,/sports/professional_sports_team/draft_picks./sports/sports_league_draft_pick/draft,M-N,437,43,43,43,86,1.0,0.0,0.0,0.0,,,0,0.0,0.0,0.0,,,0,0.0,0.0,0.0,0.0,,,0.0
97,/award/award_nominated_work/award_nominations./award/award_nomination/nominated_for,M-N,717,16,16,16,31,0.8839285714285714,0.12903225421905518,0.12903225806451613,0.2580195258019526,141,/award/award_winning_work/awards_won./award/award_honor/honored_for,185,0.3894736842105263,0.18371400198609733,0.3104026845637584,141,/award/award_winning_work/awards_won./award/award_honor/honored_for,185,0.2580195258019526,0.3894736842105263,0.18371400198609733,0.06020066889632107,230,/film/film/prequel,0.2502020156674373
98,/baseball/baseball_team/team_stats./baseball/baseball_team_stats/season,M-N,233,27,27,27,54,0.9894179957253593,0.018518518656492233,0.018518518518518517,0.0,,,0,0.0,0.0,0.0,,,0,0.0,0.0,0.0,0.0,,,0.0
99,/user/alexander/philosophy/philosopher/interests,M-N,100,9,9,9,15,0.6587301662990025,0.3333333432674408,0.3333333333333333,0.0,,,0,0.0,0.0,0.0,,,0,0.0,0.0,0.0,0.0,,,0.0
100,/people/person/languages,M-1,783,98,98,98,124,0.5714285799435207,0.17741934955120087,0.07258064516129033,0.0038314176245210726,140,/education/field_of_study/students_majoring./education/education/student,3,0.011583011583011582,0.0028873917228103944,0.005758157389635317,140,/education/field_of_study/students_majoring./education/education/student,3,0.0038314176245210726,0.011583011583011582,0.0028873917228103944,0.0,,,0.005758157389635317
101,/education/educational_institution/students_graduates./education/education/major_field_of_study,M-N,2622,321,321,321,374,0.3802848160266876,0.6550801992416382,0.32887700534759357,0.0,,,0,0.0,0.0,0.0,,,0,0.0,0.0,0.0,0.0,,,0.0
102,/film/director/film,1-N,859,19,19,19,17,0.3082706800528935,0.47058823704719543,0.35294117647058826,0.3469150174621653,109,/film/film/written_by,298,0.3786531130876747,0.22106824925816024,0.36208991494532194,109,/film/film/written_by,298,0.3469150174621653,0.3786531130876747,0.22106824925816024,0.2658582089552239,84,/film/film/produced_by,0.09623170599009806
103,/award/award_ceremony/awards_presented./award/award_honor/honored_for,M-N,909,121,121,121,144,0.43506493738719393,0.5138888955116272,0.2222222222222222,0.0,,,0,0.0,0.0,0.0,,,0,0.0,0.0,0.0,0.0,,,0.0
104,/olympics/olympic_sport/athletes./olympics/olympic_athlete_affiliation/olympics,M-N,381,8,8,8,15,0.8571428571428571,0.20000000298023224,0.13333333333333333,0.6876640419947506,65,/olympics/olympic_games/sports,262,0.39457831325301207,0.334610472541507,0.5014354066985646,65,/olympics/olympic_games/sports,262,0.6876640419947506,0.39457831325301207,0.334610472541507,0.45322245322245325,174,/user/jg/default_domain/olympic_games/sports,0.04821295347611132
105,/film/film/costume_design_by,M-1,192,13,13,13,16,0.5109890145914895,0.25,0.25,0.3541666666666667,38,/award/award_nominee/award_nominations./award/award_nomination/nominated_for,68,0.010833200573522384,0.01062334010310889,0.021023342093059203,38,/award/award_nominee/award_nominations./award/award_nomination/nominated_for,68,0.3541666666666667,0.010833200573522384,0.01062334010310889,0.006557377049180329,173,/film/film_set_designer/film_sets_designed,0.014465965043878874
106,/film/film/featured_film_locations,M-1,977,100,100,100,74,0.2585714203970773,0.4324324429035187,0.2702702702702703,0.0030706243602865915,59,/film/film_subject/films,3,0.004975124378109453,0.0019023462270133164,0.0037974683544303796,59,/film/film_subject/films,3,0.0030706243602865915,0.004975124378109453,0.0019023462270133164,0.0012070006035003018,32,/film/film_distributor/films_distributed./film/film_film_distributor_relationship/film,0.0025904677509300776
107,/tv/tv_program/genre,M-N,1006,94,94,94,150,0.6420972602707999,0.4000000059604645,0.18,0.02982107355864811,2,/media_common/netflix_genre/titles,30,0.011231748408835642,0.008225939128050452,0.016317650258362796,2,/media_common/netflix_genre/titles,30,0.02982107355864811,0.011231748408835642,0.008225939128050452,0.0,,,0.016317650258362796
108,/organization/endowed_organization/endowment./measurement_unit/dated_money_value/currency,M-1,456,3,3,3,3,0.5,0.0,0.0,0.0,,,0,0.0,0.0,0.0,,,0,0.0,0.0,0.0,0.0,,,0.0
109,/film/film/written_by,M-1,787,26,26,26,21,0.20879121337618148,0.761904776096344,0.5238095238095238,0.49301143583227447,38,/award/award_nominee/award_nominations./award/award_nomination/nominated_for,388,0.0618129679783336,0.05811863391252247,0.36208991494532194,102,/film/director/film,298,0.3786531130876747,0.3469150174621653,0.22106824925816024,0.10985277463193657,38,/award/award_nominee/award_nominations./award/award_nomination/nominated_for,0.2522371403133854
110,/tv/tv_producer/programs_produced./tv/tv_producer_term/producer_type,M-1,225,22,22,22,30,0.5811688303947449,0.2666666805744171,0.16666666666666666,0.0,,,0,0.0,0.0,0.0,,,0,0.0,0.0,0.0,0.0,,,0.0
111,/location/hud_county_place/county,M-1,305,7,7,7,10,0.4081632707800184,0.6000000238418579,0.4,0.7081967213114754,15,/location/location/contains,216,0.04153047490867141,0.040831758034026465,0.5102880658436214,190,/location/us_county/county_seat,124,0.4065573770491803,0.6850828729281768,0.3425414364640884,0.07845986196876134,15,/location/location/contains,0.4318282038748601
112,/education/educational_degree/people_with_this_degree./education/education/major_field_of_study,M-N,494,63,63,63,117,0.8231292452130999,0.25641027092933655,0.15384615384615385,0.0,,,0,0.0,0.0,0.0,,,0,0.0,0.0,0.0,0.0,,,0.0
113,/base/schemastaging/organization_extra/phone_number./base/schemastaging/phone_sandbox/contact_category,M-1,142,20,20,20,30,0.6607142771993365,0.20000000298023224,0.1,0.007042253521126761,44,/business/job_title/people_with_this_title./business/employment_tenure/company,1,0.0013623978201634877,0.001142857142857143,0.00228310502283105,44,/business/job_title/people_with_this_title./business/employment_tenure/company,1,0.007042253521126761,0.0013623978201634877,0.001142857142857143,0.0,,,0.00228310502283105
114,/base/saturdaynightlive/snl_cast_member/seasons./base/saturdaynightlive/snl_season_tenure/cast_members,M-N,100,3,3,3,6,1.0,0.0,0.0,0.02,8,/award/award_nominee/award_nominations./award/award_nomination/award_nominee,2,0.0001250859966226781,0.0001243239883135451,0.0024829298572315336,45,/base/popstra/celebrity/friendship./base/popstra/friendship/participant,2,0.02,0.0013236267372600927,0.001243008079552517,0.00024861706756168815,8,/award/award_nominee/award_nominations./award/award_nomination/award_nominee,0.0022343127896698456
115,/film/film/film_format,M-1,345,39,39,39,46,0.5256410496575492,0.15217390656471252,0.08695652173913043,0.0,,,0,0.0,0.0,0.0,,,0,0.0,0.0,0.0,0.0,,,0.0
116,/film/film/music,M-1,1039,92,92,92,90,0.2989130403314318,0.6777777671813965,0.37777777777777777,0.30221366698748797,38,/award/award_nominee/award_nominations./award/award_nomination/nominated_for,314,0.05002389676597101,0.04484433019137389,0.08583925642427556,38,/award/award_nominee/award_nominations./award/award_nomination/nominated_for,314,0.30221366698748797,0.05002389676597101,0.04484433019137389,0.013698630136986302,102,/film/director/film,0.07214062628728926
117,/sports/sports_team/roster./american_football/football_roster_position/position,M-N,607,3,3,3,5,0.6904762046677726,0.20000000298023224,0.2,0.8023064250411862,130,/sports/sports_position/players./sports/sports_team_roster/team,487,0.13914285714285715,0.1345303867403315,0.23715607499391286,130,/sports/sports_position/players./sports/sports_team_roster/team,487,0.8023064250411862,0.13914285714285715,0.1345303867403315,0.0029828486204325133,44,/business/job_title/people_with_this_title./business/employment_tenure/company,0.23417322637348034
118,/user/tsegaran/random/taxonomy_subject/entry./user/tsegaran/random/taxonomy_entry/taxonomy,M-1,411,50,50,50,61,0.552857152053288,0.14754098653793335,0.08196721311475409,0.0,,,0,0.0,0.0,0.0,,,0,0.0,0.0,0.0,0.0,,,0.0
119,/celebrities/celebrity/celebrity_friends./celebrities/friendship/friend,M-N,250,1,1,1,1,0.5,0.0,0.0,0.348,45,/base/popstra/celebrity/friendship./base/popstra/friendship/participant,87,0.05757776307081403,0.05197132616487455,0.09880749574105623,45,/base/popstra/celebrity/friendship./base/popstra/friendship/participant,87,0.348,0.05757776307081403,0.05197132616487455,0.03292181069958848,164,/celebrities/celebrity/sexual_relationships./celebrities/romantic_relationship/celebrity,0.06588568504146775
120,/location/hud_foreclosure_area/estimated_number_of_mortgages./measurement_unit/dated_integer/source,M-1,788,84,84,84,117,0.5671768699373517,0.25641027092933655,0.13675213675213677,0.0,,,0,0.0,0.0,0.0,,,0,0.0,0.0,0.0,0.0,,,0.0
121,/base/x2010fifaworldcupsouthafrica/world_cup_squad/current_world_cup_squad./base/x2010fifaworldcupsouthafrica/current_world_cup_squad/current_club,M-N,246,29,29,29,36,0.30295565937246594,0.8888888955116272,0.4444444444444444,0.0,,,0,0.0,0.0,0.0,,,0,0.0,0.0,0.0,0.0,,,0.0
122,/base/popstra/location/vacationers./base/popstra/vacation_choice/vacationer,M-N,349,31,31,31,26,0.2649769548858915,0.6538461446762085,0.34615384615384615,0.022922636103151862,66,/people/person/places_lived./people/place_lived/location,8,0.002140181915462814,0.001961265015935278,0.013333333333333334,224,/people/person/spouse_s./people/marriage/location_of_ceremony,4,0.011461318051575931,0.01593625498007968,0.006711409395973154,0.004439511653718091,160,/music/artist/origin,0.008893821679615242
123,/base/popstra/celebrity/canoodled./base/popstra/canoodled/participant,M-N,449,1,1,1,0,0.0,,,0.24721603563474387,77,/base/popstra/celebrity/dated./base/popstra/dated/participant,111,0.07905982905982906,0.06371986222732491,0.11980572045331894,77,/base/popstra/celebrity/dated./base/popstra/dated/participant,111,0.24721603563474387,0.07905982905982906,0.06371986222732491,0.079734219269103,53,/base/popstra/celebrity/breakup./base/popstra/breakup/participant,0.040071501184215944
124,/education/educational_institution/school_type,M-1,728,80,80,80,112,0.545535717691694,0.3214285671710968,0.16964285714285715,0.0013736263736263737,89,/education/educational_degree/people_with_this_degree./education/education/institution,1,0.00044306601683650863,0.0003351206434316354,0.0006700167504187604,89,/education/educational_degree/people_with_this_degree./education/education/institution,1,0.0013736263736263737,0.00044306601683650863,0.0003351206434316354,0.0,,,0.0006700167504187604
125,/sports/sport/pro_athletes./sports/pro_sports_played/athlete,1-N,128,17,17,17,26,0.7478991661752973,0.11538461595773697,0.07692307692307693,0.0,,,0,0.0,0.0,0.0,,,0,0.0,0.0,0.0,0.0,,,0.0
126,/award/hall_of_fame/inductees./award/hall_of_fame_induction/inductee,1-N,154,27,27,27,33,0.5476190447807312,0.1818181872367859,0.12121212121212122,0.0,,,0,0.0,0.0,0.0,,,0,0.0,0.0,0.0,0.0,,,0.0
127,/base/biblioness/bibs_location/state,M-1,300,7,7,7,10,0.5816326609679631,0.4000000059604645,0.3,0.8166666666666667,15,/location/location/contains,245,0.047106325706594884,0.04661339421613394,0.18764302059496565,144,/base/aareas/schema/administrative_area/capital,41,0.13666666666666666,0.29927007299270075,0.10353535353535354,0.08907471368842029,15,/location/location/contains,0.09856830690654536
128,/education/university/local_tuition./measurement_unit/dated_money_value/currency,M-1,360,1,1,1,1,0.5,0.0,0.0,0.0,,,0,0.0,0.0,0.0,,,0,0.0,0.0,0.0,0.0,,,0.0
129,/business/business_operation/revenue./measurement_unit/dated_money_value/currency,M-1,215,1,1,1,1,0.5,0.0,0.0,0.0,,,0,0.0,0.0,0.0,,,0,0.0,0.0,0.0,0.0,,,0.0
130,/sports/sports_position/players./sports/sports_team_roster/team,M-N,3500,22,22,22,32,0.6915584376880101,0.125,0.09375,0.5268571428571428,5,/soccer/football_team/current_roster./soccer/football_roster_position/position,1844,0.8141280353200883,0.47028819178780923,0.6397224631396357,5,/soccer/football_team/current_roster./soccer/football_roster_position/position,1844,0.5268571428571428,0.8141280353200883,0.47028819178780923,0.6345019090593543,4,/soccer/football_team/current_roster./sports/sports_team_roster/position,0.0052205540802813255
131,/military/military_conflict/combatants./military/military_combatant_group/combatants,M-N,424,34,34,34,54,0.5924369777951922,0.5925925970077515,0.2962962962962963,0.0,,,0,0.0,0.0,0.0,,,0,0.0,0.0,0.0,0.0,,,0.0
132,/sports/sports_league/teams./sports/sports_league_participation/team,1-N,161,16,16,16,26,0.71875,0.23076923191547394,0.15384615384615385,0.0,,,0,0.0,0.0,0.0,,,0,0.0,0.0,0.0,0.0,,,0.0
133,/base/biblioness/bibs_location/country,M-1,610,14,14,14,15,0.49489795735904146,0.20000000298023224,0.2,0.7557377049180328,15,/location/location/contains,461,0.0886368006152663,0.08616822429906543,0.15866460161762175,15,/location/location/contains,461,0.7557377049180328,0.0886368006152663,0.08616822429906543,0.15159574468085107,54,/location/country/capital,0.007068856936770673
134,/music/group_member/membership./music/group_membership/role,M-N,750,29,29,29,35,0.45812807764325825,0.48571428656578064,0.2,0.3933333333333333,42,/music/instrument/instrumentalists,295,0.152218782249742,0.12327622231508567,0.2194940476190476,42,/music/instrument/instrumentalists,295,0.3933333333333333,0.152218782249742,0.12327622231508567,0.0019258545979778526,92,/music/performance_role/regular_performances./music/group_membership/group,0.21756819302106972
135,/location/administrative_division/country,M-1,386,3,3,3,4,0.6666666865348816,0.0,0.0,0.8290155440414507,15,/location/location/contains,320,0.061526629494328015,0.06075564837668502,0.12720848056537104,87,/location/country/second_level_divisions,54,0.13989637305699482,0.11663066954643629,0.06792452830188679,0.11455163773044567,15,/location/location/contains,0.012656842834925366
136,/film/film/executive_produced_by,M-1,662,73,73,73,79,0.397260274205889,0.49367088079452515,0.27848101265822783,0.1268882175226586,38,/award/award_nominee/award_nominations./award/award_nomination/nominated_for,84,0.013382188943762944,0.01225382932166302,0.04076265614727153,102,/film/director/film,31,0.04682779456193353,0.03608847497089639,0.02080536912751678,0.02421098140942499,38,/award/award_nominee/award_nominations./award/award_nomination/nominated_for,0.01655167473784654
137,/food/food/nutrients./food/nutrition_fact/nutrient,M-N,966,105,105,105,210,0.9925169859613691,0.02857142873108387,0.01904761904761905,0.0,,,0,0.0,0.0,0.0,,,0,0.0,0.0,0.0,0.0,,,0.0
138,/music/group_member/membership./music/group_membership/group,M-1,218,22,22,22,38,0.7272727404321943,0.31578946113586426,0.21052631578947367,0.01834862385321101,8,/award/award_nominee/award_nominations./award/award_nomination/award_nominee,4,0.0002501719932453562,0.000246867863975807,0.012618296529968456,228,/dataworld/gardening_hint/split_to,2,0.009174311926605505,0.020202020202020204,0.006349206349206349,0.0004936138705497624,8,/award/award_nominee/award_nominations./award/award_nomination/award_nominee,0.012124682659418693
139,/location/statistical_region/gdp_nominal_per_capita./measurement_unit/dated_money_value/currency,M-1,190,3,3,3,4,0.6666666865348816,0.0,0.0,0.0,,,0,0.0,0.0,0.0,,,0,0.0,0.0,0.0,0.0,,,0.0
140,/education/field_of_study/students_majoring./education/education/student,1-N,259,34,34,34,32,0.2773109291281019,0.65625,0.34375,0.011583011583011582,100,/people/person/languages,3,0.0038314176245210726,0.0028873917228103944,0.005758157389635317,100,/people/person/languages,3,0.011583011583011582,0.0038314176245210726,0.0028873917228103944,0.005390835579514825,232,/film/actor/dubbing_performances./film/dubbing_performance/language,0.00036732181012049184
141,/award/award_winning_work/awards_won./award/award_honor/honored_for,M-N,475,10,10,10,18,0.8999999761581421,0.0,0.0,0.3894736842105263,97,/award/award_nominated_work/award_nominations./award/award_nomination/nominated_for,185,0.2580195258019526,0.18371400198609733,0.3104026845637584,97,/award/award_nominated_work/award_nominations./award/award_nomination/nominated_for,185,0.3894736842105263,0.2580195258019526,0.18371400198609733,0.030534351145038167,230,/film/film/prequel,0.27986833341872025
142,/sports/sports_team/roster./basketball/basketball_roster_position/position,M-N,178,2,2,2,2,0.5,0.0,0.0,0.8146067415730337,130,/sports/sports_position/players./sports/sports_team_roster/team,145,0.041428571428571426,0.041041607698839515,0.07884719956498096,130,/sports/sports_position/players./sports/sports_team_roster/team,145,0.8146067415730337,0.041428571428571426,0.041041607698839515,0.0,,,0.07884719956498096
143,/organization/organization/headquarters./location/mailing_address/state_province_region,M-1,721,39,39,39,44,0.4285714328289032,0.4318181872367859,0.29545454545454547,0.49791955617198336,15,/location/location/contains,359,0.06902518746394924,0.06453352507639763,0.12124282337048295,15,/location/location/contains,359,0.49791955617198336,0.06902518746394924,0.06453352507639763,0.0019011406844106464,94,/sports/sports_team_location/teams,0.1193416826860723
144,/base/aareas/schema/administrative_area/capital,1-1,137,0,0,0,0,,,,0.7664233576642335,194,/location/capital_of_administrative_division/capital_of./location/administrative_division_capital_relationship/administrative_division,105,0.3547297297297297,0.3201219512195122,0.48498845265588914,194,/location/capital_of_administrative_division/capital_of./location/administrative_division_capital_relationship/administrative_division,105,0.7664233576642335,0.3547297297297297,0.3201219512195122,0.18764302059496565,127,/base/biblioness/bibs_location/state,0.29734543206092345
145,/tv/tv_producer/programs_produced./tv/tv_producer_term/program,M-N,416,4,4,4,5,0.30357142857142855,0.800000011920929,0.6,0.36538461538461536,12,/award/award_winning_work/awards_won./award/award_honor/award_winner,152,0.05080213903743316,0.04668304668304668,0.3571428571428571,201,/tv/tv_program/program_creator,100,0.2403846153846154,0.6944444444444444,0.21739130434782608,0.0892018779342723,12,/award/award_winning_work/awards_won./award/award_honor/award_winner,0.2679409792085848
146,/education/educational_institution/campuses,1-1,533,13,13,13,26,1.0,0.0,0.0,0.797373358348968,81,/education/educational_institution_campus/educational_institution,425,0.8079847908745247,0.6703470031545742,0.8026440037771482,81,/education/educational_institution_campus/educational_institution,425,0.797373358348968,0.8079847908745247,0.6703470031545742,0.03164556962025317,228,/dataworld/gardening_hint/split_to,0.770998434156895
147,/film/film/distributors./film/film_film_distributor_relationship/region,M-1,157,10,10,10,14,0.5714285714285714,0.2857142984867096,0.21428571428571427,0.03821656050955414,2,/media_common/netflix_genre/titles,6,0.0022463496817671283,0.002126151665485471,0.004243281471004242,2,/media_common/netflix_genre/titles,6,0.03821656050955414,0.0022463496817671283,0.002126151665485471,0.0,,,0.004243281471004242
148,/travel/travel_destination/climate./travel/travel_destination_monthly_climate/month,M-N,535,60,60,60,120,0.9976190498897007,0.008333333767950535,0.008333333333333333,0.0,,,0,0.0,0.0,0.0,,,0,0.0,0.0,0.0,0.0,,,0.0
149,/medicine/disease/notable_people_with_this_condition,1-N,121,15,15,15,15,0.4238095283508301,0.4000000059604645,0.2,0.0,,,0,0.0,0.0,0.0,,,0,0.0,0.0,0.0,0.0,,,0.0
150,/base/schemastaging/organization_extra/phone_number./base/schemastaging/phone_sandbox/service_location,M-N,345,38,38,38,59,0.6334586569241115,0.4067796468734741,0.2033898305084746,0.043478260869565216,15,/location/location/contains,15,0.0028840607575466256,0.002711986982462484,0.005409304002884962,15,/location/location/contains,15,0.043478260869565216,0.0028840607575466256,0.002711986982462484,0.0017513134851138354,23,/organization/organization_member/member_of./organization/organization_membership/organization,0.003657990517771127
151,/people/ethnicity/geographic_distribution,M-N,122,17,17,17,27,0.6512605122157505,0.37037035822868347,0.2962962962962963,0.0,,,0,0.0,0.0,0.0,,,0,0.0,0.0,0.0,0.0,,,0.0
152,/military/military_combatant/military_conflicts./military/military_combatant_group/combatants,M-N,747,17,17,17,30,0.8151260444096157,0.2666666805744171,0.13333333333333333,0.04685408299866131,58,/location/location/adjoin_s./location/adjoining_relationship/adjoins,35,0.017064846416382253,0.012667390517553384,0.041349292709466814,218,/location/statistical_region/places_exported_to./location/imports_and_exports/exported_to,19,0.025435073627844713,0.11046511627906977,0.021111111111111112,0.02501786990707648,58,/location/location/adjoin_s./location/adjoining_relationship/adjoins,0.016331422802390333
153,/film/film/personal_appearances./film/personal_film_appearance/person,1-N,217,11,11,11,9,0.34415584802627563,0.2222222238779068,0.2222222222222222,0.15207373271889402,6,/film/actor/film./film/performance/film,33,0.0034758795028439014,0.0034097954122752636,0.00929368029739777,102,/film/director/film,5,0.02304147465437788,0.005820721769499418,0.004668534080298786,0.006796416434970652,6,/film/actor/film./film/performance/film,0.002497263862427118
154,/location/location/time_zones,M-1,1151,137,137,137,195,0.6162669488361904,0.2153846174478531,0.10256410256410256,0.0,,,0,0.0,0.0,0.0,,,0,0.0,0.0,0.0,0.0,,,0.0
155,/film/film/story_by,M-1,394,31,31,31,32,0.4239631252629416,0.375,0.1875,0.17766497461928935,38,/award/award_nominee/award_nominations./award/award_nomination/nominated_for,70,0.011151824119802454,0.010604453870625663,0.06863527533918595,102,/film/director/film,43,0.10913705583756345,0.050058207217694994,0.03553719008264463,0.02098635886673662,38,/award/award_nominee/award_nominations./award/award_nomination/nominated_for,0.04764891647244933
156,/base/petbreeds/city_with_dogs/top_breeds./base/petbreeds/dog_city_relationship/dog_breed,M-N,192,21,21,21,42,0.9489795906203133,0.1428571492433548,0.14285714285714285,0.0,,,0,0.0,0.0,0.0,,,0,0.0,0.0,0.0,0.0,,,0.0
157,/olympics/olympic_games/participating_countries,M-N,490,23,23,23,34,0.6335403748920986,0.29411765933036804,0.20588235294117646,0.4306122448979592,69,/olympics/olympic_participating_country/medals_won./olympics/olympic_medal_honor/olympics,211,0.18300086730268864,0.1473463687150838,0.2944,72,/olympics/olympic_participating_country/athletes./olympics/olympic_athlete_affiliation/olympics,184,0.37551020408163266,0.24210526315789474,0.1726078799249531,0.2568472306755934,69,/olympics/olympic_participating_country/medals_won./olympics/olympic_medal_honor/olympics,0.0375527693244066
158,/tv/tv_network/programs./tv/tv_network_duration/program,1-N,305,26,26,26,29,0.4065933993884495,0.4482758641242981,0.27586206896551724,0.13442622950819672,12,/award/award_winning_work/awards_won./award/award_honor/award_winner,41,0.013703208556149732,0.012592137592137592,0.0248710949347892,12,/award/award_winning_work/awards_won./award/award_honor/award_winner,41,0.13442622950819672,0.013703208556149732,0.012592137592137592,0.008908685968819599,201,/tv/tv_program/program_creator,0.0159624089659696
159,/people/person/employment_history./business/employment_tenure/company,M-1,316,24,24,24,28,0.3363095223903656,0.7142857313156128,0.42857142857142855,0.056962025316455694,22,/education/educational_institution/students_graduates./education/education/student,18,0.006818181818181818,0.006126616746085773,0.012178619756427604,22,/education/educational_institution/students_graduates./education/education/student,18,0.056962025316455694,0.006818181818181818,0.006126616746085773,0.011014948859166013,76,/music/record_label/artist,0.0011636708972615917
160,/music/artist/origin,M-1,552,34,34,34,23,0.23949580107416427,0.5652173757553101,0.2608695652173913,0.0036231884057971015,122,/base/popstra/location/vacationers./base/popstra/vacation_choice/vacationer,2,0.0057306590257879654,0.002224694104560623,0.004439511653718091,122,/base/popstra/location/vacationers./base/popstra/vacation_choice/vacationer,2,0.0036231884057971015,0.0057306590257879654,0.002224694104560623,0.0,,,0.004439511653718091
161,/people/marriage_union_type/unions_of_this_type./people/marriage/location_of_ceremony,1-N,417,53,53,53,58,0.5242587498256138,0.0517241396009922,0.034482758620689655,0.0,,,0,0.0,0.0,0.0,,,0,0.0,0.0,0.0,0.0,,,0.0
162,/tv/tv_writer/tv_programs./tv/tv_program_writer_relationship/tv_program,M-1,271,9,9,9,10,0.380952388048172,0.6000000238418579,0.4,0.4132841328413284,12,/award/award_winning_work/awards_won./award/award_honor/award_winner,112,0.0374331550802139,0.035544271659790544,0.2409638554216867,201,/tv/tv_program/program_creator,50,0.18450184501845018,0.3472222222222222,0.136986301369863,0.06864848299111247,12,/award/award_winning_work/awards_won./award/award_honor/award_winner,0.1723153724305742
163,/time/event/locations,M-N,363,34,34,34,39,0.3445378137486322,0.8717948794364929,0.46153846153846156,0.0027548209366391185,15,/location/location/contains,1,0.00019227071716977504,0.00017975912277548085,0.0013192612137203166,69,/olympics/olympic_participating_country/medals_won./olympics/olympic_medal_honor/olympics,1,0.0027548209366391185,0.0008673026886383347,0.0006600660066006601,0.0003594536304816678,15,/location/location/contains,0.0009598075832386488
164,/celebrities/celebrity/sexual_relationships./celebrities/romantic_relationship/celebrity,1-1,236,0,0,0,0,,,,0.576271186440678,77,/base/popstra/celebrity/dated./base/popstra/dated/participant,136,0.09686609686609686,0.09042553191489362,0.16585365853658537,77,/base/popstra/celebrity/dated./base/popstra/dated/participant,136,0.576271186440678,0.09686609686609686,0.09042553191489362,0.14395886889460155,53,/base/popstra/celebrity/breakup./base/popstra/breakup/participant,0.021894789641983825
165,/government/political_party/politicians_in_this_party./government/political_party_tenure/politician,1-N,107,11,11,11,14,0.5259740310055869,0.2857142984867096,0.21428571428571427,0.028037383177570093,226,/organization/organization_founder/organizations_founded,3,0.021897810218978103,0.012448132780082987,0.02459016393442623,226,/organization/organization_founder/organizations_founded,3,0.028037383177570093,0.021897810218978103,0.012448132780082987,0.0022123893805309734,23,/organization/organization_member/member_of./organization/organization_membership/organization,0.022377774553895256
166,/education/university/domestic_tuition./measurement_unit/dated_money_value/currency,M-1,476,5,5,5,5,0.5,0.0,0.0,0.0,,,0,0.0,0.0,0.0,,,0,0.0,0.0,0.0,0.0,,,0.0
167,/organization/non_profit_organization/registered_with./organization/non_profit_registration/registering_agency,M-1,125,22,22,22,40,0.8993506687028068,0.07500000298023224,0.05,0.0,,,0,0.0,0.0,0.0,,,0,0.0,0.0,0.0,0.0,,,0.0
168,/user/ktrueman/default_domain/international_organization/member_states,1-N,179,24,24,24,44,0.7440476076943534,0.34090909361839294,0.1590909090909091,0.22346368715083798,23,/organization/organization_member/member_of./organization/organization_membership/organization,40,0.050188205771643665,0.042735042735042736,0.0819672131147541,23,/organization/organization_member/member_of./organization/organization_membership/organization,40,0.22346368715083798,0.050188205771643665,0.042735042735042736,0.0,,,0.0819672131147541
169,/american_football/football_team/current_roster./sports/sports_team_roster/position,M-N,573,0,0,0,0,,,,0.8202443280977313,130,/sports/sports_position/players./sports/sports_team_roster/team,470,0.13428571428571429,0.13044684984734944,0.23078811686717407,130,/sports/sports_position/players./sports/sports_team_roster/team,470,0.8202443280977313,0.13428571428571429,0.13044684984734944,0.00612088752869166,44,/business/job_title/people_with_this_title./business/employment_tenure/company,0.2246672293384824
170,/soccer/football_player/current_team./sports/sports_team_roster/team,M-N,536,9,9,9,8,0.1428571455180645,0.875,0.75,0.0,,,0,0.0,0.0,0.0,,,0,0.0,0.0,0.0,0.0,,,0.0
171,/olympics/olympic_games/medals_awarded./olympics/olympic_medal_honor/medal,M-N,101,16,16,16,32,1.0,0.0,0.0,0.0,,,0,0.0,0.0,0.0,,,0,0.0,0.0,0.0,0.0,,,0.0
172,/award/ranked_item/appears_in_ranked_lists./award/ranking/list,M-1,335,48,48,48,78,0.6875,0.29487180709838867,0.14102564102564102,0.0,,,0,0.0,0.0,0.0,,,0,0.0,0.0,0.0,0.0,,,0.0
173,/film/film_set_designer/film_sets_designed,1-N,113,8,8,8,10,0.375,0.699999988079071,0.5,0.24778761061946902,12,/award/award_winning_work/awards_won./award/award_honor/award_winner,28,0.009358288770053475,0.009099772505687357,0.018035426731078903,12,/award/award_winning_work/awards_won./award/award_honor/award_winner,28,0.24778761061946902,0.009358288770053475,0.009099772505687357,0.014760147601476014,184,/film/film/film_production_design_by,0.003275279129602888
174,/user/jg/default_domain/olympic_games/sports,M-N,581,11,11,11,22,0.9805194735527039,0.04545454680919647,0.045454545454545456,0.37521514629948366,104,/olympics/olympic_sport/athletes./olympics/olympic_athlete_affiliation/olympics,218,0.5721784776902887,0.29301075268817206,0.45322245322245325,104,/olympics/olympic_sport/athletes./olympics/olympic_athlete_affiliation/olympics,218,0.37521514629948366,0.5721784776902887,0.29301075268817206,0.0,,,0.45322245322245325
175,/people/person/sibling_s./people/sibling_relationship/sibling,1-1,131,7,7,7,6,0.24489796374525344,0.6666666865348816,0.3333333333333333,0.16030534351145037,8,/award/award_nominee/award_nominations./award/award_nomination/award_nominee,21,0.00131340296453812,0.0013044288465122057,0.013468013468013467,196,/influence/influence_node/peers./influence/peer_relationship/peers,2,0.015267175572519083,0.012048192771084338,0.006779661016949152,0.006090133982947625,45,/base/popstra/celebrity/friendship./base/popstra/friendship/participant,0.007377879485065842
176,/base/marchmadness/ncaa_basketball_tournament/seeds./base/marchmadness/ncaa_tournament_seed/team,M-N,352,41,41,41,81,0.9337979129382542,0.1358024626970291,0.09876543209876543,0.0,,,0,0.0,0.0,0.0,,,0,0.0,0.0,0.0,0.0,,,0.0
177,/music/artist/contribution./music/recording_contribution/performance_role,M-N,218,14,14,14,15,0.3724489765507834,0.46666666865348816,0.26666666666666666,0.25229357798165136,42,/music/instrument/instrumentalists,55,0.028379772961816305,0.02617801047120419,0.05102040816326531,42,/music/instrument/instrumentalists,55,0.25229357798165136,0.028379772961816305,0.02617801047120419,0.0,,,0.05102040816326531
178,/sports/sports_position/players./sports/sports_team_roster/position,M-N,125,0,0,0,0,,,,0.688,180,/sports/sports_position/players./american_football/football_historical_roster_position/position_s,86,0.8431372549019608,0.6099290780141844,0.7577092511013216,180,/sports/sports_position/players./american_football/football_historical_roster_position/position_s,86,0.688,0.8431372549019608,0.6099290780141844,0.0,,,0.7577092511013216
179,/government/politician/government_positions_held./government/government_position_held/basic_title,M-N,114,16,16,16,25,0.6517857142857143,0.3199999928474426,0.2,0.0,,,0,0.0,0.0,0.0,,,0,0.0,0.0,0.0,0.0,,,0.0
180,/sports/sports_position/players./american_football/football_historical_roster_position/position_s,M-N,102,0,0,0,0,,,,0.8431372549019608,178,/sports/sports_position/players./sports/sports_team_roster/position,86,0.688,0.6099290780141844,0.7577092511013216,178,/sports/sports_position/players./sports/sports_team_roster/position,86,0.8431372549019608,0.688,0.6099290780141844,0.0,,,0.7577092511013216
181,/people/profession/specialization_of,M-1,102,13,13,13,10,0.3186813294887543,0.5,0.3,0.0,,,0,0.0,0.0,0.0,,,0,0.0,0.0,0.0,0.0,,,0.0
182,/award/award_category/category_of,M-1,148,20,20,20,40,0.9785714490073067,0.05000000074505806,0.05,0.0,,,0,0.0,0.0,0.0,,,0,0.0,0.0,0.0,0.0,,,0.0
183,/film/film/cinematography,M-1,336,17,17,17,22,0.47058823704719543,0.5,0.36363636363636365,0.40476190476190477,38,/award/award_nominee/award_nominations./award/award_nomination/nominated_for,136,0.021666401147044767,0.02099737532808399,0.04113110539845758,38,/award/award_nominee/award_nominations./award/award_nomination/nominated_for,136,0.40476190476190477,0.021666401147044767,0.02099737532808399,0.0200836820083682,102,/film/director/film,0.02104742339008938
184,/film/film/film_production_design_by,M-1,158,10,10,10,12,0.5214285765375409,0.3333333432674408,0.16666666666666666,0.3987341772151899,38,/award/award_nominee/award_nominations./award/award_nomination/nominated_for,63,0.010036641707822208,0.009887005649717515,0.019580419580419582,38,/award/award_nominee/award_nominations./award/award_nomination/nominated_for,63,0.3987341772151899,0.010036641707822208,0.009887005649717515,0.014760147601476014,173,/film/film_set_designer/film_sets_designed,0.004820271978943568
185,/tv/tv_program/country_of_origin,M-1,268,32,32,32,53,0.7142857142857143,0.2641509473323822,0.1509433962264151,0.026119402985074626,2,/media_common/netflix_genre/titles,7,0.002620741295394983,0.0023874488403819918,0.004763525008506294,2,/media_common/netflix_genre/titles,7,0.026119402985074626,0.002620741295394983,0.0023874488403819918,0.0,,,0.004763525008506294
186,/film/film/edited_by,M-1,179,13,13,13,15,0.47252747416496277,0.2666666805744171,0.26666666666666666,0.3016759776536313,38,/award/award_nominee/award_nominations./award/award_nomination/nominated_for,54,0.008602835749561893,0.008434864104967198,0.05973025048169557,102,/film/director/film,31,0.17318435754189945,0.03608847497089639,0.030784508440913606,0.016728624535315987,38,/award/award_nominee/award_nominations./award/award_nomination/nominated_for,0.04300162594637959
187,/tv/tv_personality/tv_regular_appearances./tv/tv_regular_personal_appearance/program,M-1,103,11,11,11,11,0.4350649416446686,0.1818181872367859,0.18181818181818182,0.2621359223300971,1,/tv/tv_program/regular_cast./tv/regular_tv_appearance/actor,27,0.02122641509433962,0.020029673590504452,0.04048582995951418,201,/tv/tv_program/program_creator,5,0.04854368932038835,0.034722222222222224,0.02066115702479339,0.039272727272727265,1,/tv/tv_program/regular_cast./tv/regular_tv_appearance/actor,0.0012131026867869127
188,/education/field_of_study/students_majoring./education/education/major_field_of_study,M-N,343,11,11,11,16,0.5259740224906376,0.6875,0.4375,0.0,,,0,0.0,0.0,0.0,,,0,0.0,0.0,0.0,0.0,,,0.0
189,/education/educational_degree/people_with_this_degree./education/education/student,1-N,260,27,27,27,32,0.5423280426434108,0.15625,0.0625,0.0,,,0,0.0,0.0,0.0,,,0,0.0,0.0,0.0,0.0,,,0.0
190,/location/us_county/county_seat,1-1,181,2,2,2,4,1.0,0.0,0.0,0.6850828729281768,111,/location/hud_county_place/county,124,0.4065573770491803,0.3425414364640884,0.5115303983228513,194,/location/capital_of_administrative_division/capital_of./location/administrative_division_capital_relationship/administrative_division,122,0.6740331491712708,0.41216216216216217,0.3436619718309859,0.5102880658436214,111,/location/hud_county_place/county,0.0012423324792298907
191,/film/film/film_festivals,M-1,264,18,18,18,23,0.4880952366760799,0.3478260934352875,0.17391304347826086,0.007575757575757576,210,/time/event/instance_of_recurring_event,2,0.01834862385321101,0.005390835579514825,0.010723860589812333,210,/time/event/instance_of_recurring_event,2,0.007575757575757576,0.01834862385321101,0.005390835579514825,0.0,,,0.010723860589812333
192,/people/person/spouse_s./people/marriage/spouse,1-1,427,4,4,4,0,0.0,,,0.2529274004683841,77,/base/popstra/celebrity/dated./base/popstra/dated/participant,108,0.07692307692307693,0.06268136970400465,0.11796832332058983,77,/base/popstra/celebrity/dated./base/popstra/dated/participant,108,0.2529274004683841,0.07692307692307693,0.06268136970400465,0.11724137931034484,53,/base/popstra/celebrity/breakup./base/popstra/breakup/participant,0.0007269440102449926
193,/film/film/runtime./film/film_cut/film_release_region,M-1,187,9,9,9,8,0.380952388048172,0.375,0.375,0.03208556149732621,2,/media_common/netflix_genre/titles,6,0.0022463496817671283,0.0021037868162692847,0.004198740377886634,2,/media_common/netflix_genre/titles,6,0.03208556149732621,0.0022463496817671283,0.0021037868162692847,0.0,,,0.004198740377886634
194,/location/capital_of_administrative_division/capital_of./location/administrative_division_capital_relationship/administrative_division,1-1,296,0,0,0,0,,,,0.7263513513513513,15,/location/location/contains,215,0.04133820419150164,0.0407042786823173,0.5115303983228513,190,/location/us_county/county_seat,122,0.41216216216216217,0.6740331491712708,0.3436619718309859,0.48498845265588914,144,/base/aareas/schema/administrative_area/capital,0.026541945666962163
195,/base/aareas/schema/administrative_area/administrative_area_type,M-1,156,20,20,20,40,0.9892857245036534,0.02500000037252903,0.025,0.0,,,0,0.0,0.0,0.0,,,0,0.0,0.0,0.0,0.0,,,0.0
196,/influence/influence_node/peers./influence/peer_relationship/peers,1-1,166,2,2,2,0,0.0,,,0.1566265060240964,21,/influence/influence_node/influenced_by,26,0.013626834381551363,0.0126953125,0.025072324011571844,21,/influence/influence_node/influenced_by,26,0.1566265060240964,0.013626834381551363,0.0126953125,0.013468013468013467,175,/people/person/sibling_s./people/sibling_relationship/sibling,0.011604310543558377
197,/government/governmental_body/members./government/government_position_held/legislative_sessions,M-N,101,12,12,12,24,1.0,0.0,0.0,0.0,,,0,0.0,0.0,0.0,,,0,0.0,0.0,0.0,0.0,,,0.0
198,/base/schemastaging/organization_extra/phone_number./base/schemastaging/phone_sandbox/service_language,M-N,208,21,21,21,40,0.8129251599311829,0.32499998807907104,0.175,0.0,,,0,0.0,0.0,0.0,,,0,0.0,0.0,0.0,0.0,,,0.0
199,/organization/organization/place_founded,M-1,104,16,16,16,17,0.3705357142857143,0.7058823704719543,0.4117647058823529,0.028846153846153848,15,/location/location/contains,3,0.0005768121515093252,0.0005658242172764995,0.0011310084825636195,15,/location/location/contains,3,0.028846153846153848,0.0005768121515093252,0.0005658242172764995,0.0,,,0.0011310084825636195
200,/base/eating/practicer_of_diet/diet,M-1,137,11,11,11,12,0.5129870176315308,0.0833333358168602,0.08333333333333333,0.0,,,0,0.0,0.0,0.0,,,0,0.0,0.0,0.0,0.0,,,0.0
201,/tv/tv_program/program_creator,1-1,144,2,2,2,0,0.0,,,0.6944444444444444,145,/tv/tv_producer/programs_produced./tv/tv_producer_term/program,100,0.2403846153846154,0.21739130434782608,0.3571428571428571,145,/tv/tv_producer/programs_produced./tv/tv_producer_term/program,100,0.6944444444444444,0.2403846153846154,0.21739130434782608,0.2409638554216867,162,/tv/tv_writer/tv_programs./tv/tv_program_writer_relationship/tv_program,0.1161790017211704
202,/people/deceased_person/place_of_burial,M-1,142,9,9,9,9,0.4841269850730896,0.1111111119389534,0.1111111111111111,0.0,,,0,0.0,0.0,0.0,,,0,0.0,0.0,0.0,0.0,,,0.0
203,/film/film/release_date_s./film/film_regional_release_date/film_regional_debut_venue,M-1,246,20,20,20,23,0.42857142431395395,0.43478259444236755,0.30434782608695654,0.0,,,0,0.0,0.0,0.0,,,0,0.0,0.0,0.0,0.0,,,0.0
204,/ice_hockey/hockey_team/current_roster./sports/sports_team_roster/position,M-N,121,4,4,4,6,0.6071428571428571,0.3333333432674408,0.16666666666666666,0.743801652892562,130,/sports/sports_position/players./sports/sports_team_roster/team,90,0.025714285714285714,0.025488530161427356,0.04971002485501243,130,/sports/sports_position/players./sports/sports_team_roster/team,90,0.743801652892562,0.025714285714285714,0.025488530161427356,0.0,,,0.04971002485501243
205,/location/administrative_division/first_level_division_of,M-1,141,0,0,0,0,,,,0.8794326241134752,15,/location/location/contains,124,0.023841568929052107,0.023763894212341895,0.04642456008985399,15,/location/location/contains,124,0.8794326241134752,0.023841568929052107,0.023763894212341895,0.04240282685512367,54,/location/country/capital,0.004021733234730318
206,/location/statistical_region/gdp_real./measurement_unit/adjusted_money_value/adjustment_currency,M-1,160,0,0,0,0,,,,0.0,,,0,0.0,0.0,0.0,,,0,0.0,0.0,0.0,0.0,,,0.0
207,/organization/organization/child./organization/organization_relationship/child,1-N,191,20,20,20,18,0.2857142857142857,0.5555555820465088,0.3333333333333333,0.041884816753926704,8,/award/award_nominee/award_nominations./award/award_nomination/award_nominee,8,0.0005003439864907124,0.0004946821667078902,0.000988875154511743,8,/award/award_nominee/award_nominations./award/award_nomination/award_nominee,8,0.041884816753926704,0.0005003439864907124,0.0004946821667078902,0.0006965405154399813,3,/award/award_winner/awards_won./award/award_honor/award_winner,0.00029233463907176165
208,/business/business_operation/assets./measurement_unit/dated_money_value/currency,M-1,181,0,0,0,0,,,,0.0,,,0,0.0,0.0,0.0,,,0,0.0,0.0,0.0,0.0,,,0.0
209,/film/person_or_entity_appearing_in_film/films./film/personal_film_appearance/type_of_appearance,M-1,37,3,3,3,4,0.6428571598870414,0.25,0.25,0.0,,,0,0.0,0.0,0.0,,,0,0.0,0.0,0.0,0.0,,,0.0
210,/time/event/instance_of_recurring_event,M-1,109,11,11,11,22,0.8571428571428571,0.1818181872367859,0.18181818181818182,0.01834862385321101,191,/film/film/film_festivals,2,0.007575757575757576,0.005390835579514825,0.010723860589812333,191,/film/film/film_festivals,2,0.01834862385321101,0.007575757575757576,0.005390835579514825,0.0,,,0.010723860589812333
211,/tv/non_character_role/tv_regular_personal_appearances./tv/tv_regular_personal_appearance/person,1-N,90,7,7,7,8,0.5000000042574746,0.25,0.25,0.022222222222222223,17,/people/person/profession,2,0.0001827318410232983,0.00018127435874195594,0.0003624830086089714,17,/people/person/profession,2,0.022222222222222223,0.0001827318410232983,0.00018127435874195594,0.0,,,0.0003624830086089714
212,/film/actor/film./film/performance/special_performance_type,M-1,180,16,16,16,19,0.5491071428571429,0.10526315867900848,0.10526315789473684,0.0,,,0,0.0,0.0,0.0,,,0,0.0,0.0,0.0,0.0,,,0.0
213,/business/business_operation/operating_income./measurement_unit/dated_money_value/currency,M-1,198,0,0,0,0,,,,0.0,,,0,0.0,0.0,0.0,,,0,0.0,0.0,0.0,0.0,,,0.0
214,/people/ethnicity/languages_spoken,M-N,192,29,29,29,49,0.6108374340193612,0.5510203838348389,0.24489795918367346,0.0,,,0,0.0,0.0,0.0,,,0,0.0,0.0,0.0,0.0,,,0.0
215,/base/americancomedy/celebrity_impressionist/celebrities_impersonated,1-N,121,8,8,8,8,0.4375,0.375,0.25,0.0,,,0,0.0,0.0,0.0,,,0,0.0,0.0,0.0,0.0,,,0.0
216,/medicine/symptom/symptom_of,M-N,154,31,31,31,54,0.7396313292639596,0.35185185074806213,0.2222222222222222,0.0,,,0,0.0,0.0,0.0,,,0,0.0,0.0,0.0,0.0,,,0.0
217,/education/university/fraternities_and_sororities,M-1,131,21,21,21,31,0.6224489893232074,0.25806450843811035,0.16129032258064516,0.0,,,0,0.0,0.0,0.0,,,0,0.0,0.0,0.0,0.0,,,0.0
218,/location/statistical_region/places_exported_to./location/imports_and_exports/exported_to,M-N,172,13,13,13,6,0.09340659635407585,0.8333333134651184,0.6666666666666666,0.11046511627906977,58,/location/location/adjoin_s./location/adjoining_relationship/adjoins,19,0.009263773768893223,0.008620689655172414,0.041349292709466814,152,/military/military_combatant/military_conflicts./military/military_combatant_group/combatants,19,0.11046511627906977,0.025435073627844713,0.021111111111111112,0.017094017094017096,58,/location/location/adjoin_s./location/adjoining_relationship/adjoins,0.02425527561544972
219,/location/statistical_region/gdp_nominal./measurement_unit/dated_money_value/currency,M-1,220,4,4,4,4,0.5,0.0,0.0,0.0,,,0,0.0,0.0,0.0,,,0,0.0,0.0,0.0,0.0,,,0.0
220,/travel/travel_destination/how_to_get_here./travel/transportation/mode_of_transportation,M-N,146,20,20,20,40,0.9785714319774083,0.125,0.125,0.0,,,0,0.0,0.0,0.0,,,0,0.0,0.0,0.0,0.0,,,0.0
221,/location/country/official_language,M-1,225,16,16,16,20,0.4732142857142857,0.44999998807907104,0.2,0.5822222222222222,70,/language/human_language/countries_spoken_in,131,0.39104477611940297,0.30536130536130535,0.46785714285714286,70,/language/human_language/countries_spoken_in,131,0.5822222222222222,0.39104477611940297,0.30536130536130535,0.0,,,0.46785714285714286
222,/location/location/partially_contains,M-1,133,13,13,13,20,0.6153846212795803,0.550000011920929,0.3,0.015037593984962405,58,/location/location/adjoin_s./location/adjoining_relationship/adjoins,2,0.0009751340809361287,0.0009165902841429881,0.004662004662004662,194,/location/capital_of_administrative_division/capital_of./location/administrative_division_capital_relationship/administrative_division,1,0.007518796992481203,0.0033783783783783786,0.002336448598130841,0.0018315018315018315,58,/location/location/adjoin_s./location/adjoining_relationship/adjoins,0.0028305028305028305
223,/film/film/film_art_direction_by,M-1,101,3,3,3,6,0.8809523752757481,0.3333333432674408,0.16666666666666666,0.5346534653465347,38,/award/award_nominee/award_nominations./award/award_nomination/nominated_for,54,0.008602835749561893,0.008538899430740038,0.01693320790216369,38,/award/award_nominee/award_nominations./award/award_nomination/nominated_for,54,0.5346534653465347,0.008602835749561893,0.008538899430740038,0.009345794392523362,173,/film/film_set_designer/film_sets_designed,0.007587413509640328
224,/people/person/spouse_s./people/marriage/location_of_ceremony,M-1,251,35,35,35,21,0.17551020852157048,0.6666666865348816,0.38095238095238093,0.01593625498007968,122,/base/popstra/location/vacationers./base/popstra/vacation_choice/vacationer,4,0.011461318051575931,0.006711409395973154,0.013333333333333334,122,/base/popstra/location/vacationers./base/popstra/vacation_choice/vacationer,4,0.01593625498007968,0.011461318051575931,0.006711409395973154,0.0,,,0.013333333333333334
225,/education/university/international_tuition./measurement_unit/dated_money_value/currency,M-1,117,0,0,0,0,,,,0.0,,,0,0.0,0.0,0.0,,,0,0.0,0.0,0.0,0.0,,,0.0
226,/organization/organization_founder/organizations_founded,1-1,137,9,9,9,8,0.26984127717358725,0.625,0.5,0.06569343065693431,76,/music/record_label/artist,9,0.004043126684636119,0.0038232795242141037,0.02459016393442623,165,/government/political_party/politicians_in_this_party./government/political_party_tenure/politician,3,0.021897810218978103,0.028037383177570093,0.012448132780082987,0.00761743546339399,76,/music/record_label/artist,0.01697272847103224
227,/film/film/dubbing_performances./film/dubbing_performance/actor,M-N,114,8,8,8,14,0.625,0.5,0.2857142857142857,0.008771929824561403,6,/film/actor/film./film/performance/film,1,0.00010532968190436065,0.00010409076714895389,0.00020815986677768527,6,/film/actor/film./film/performance/film,1,0.008771929824561403,0.00010532968190436065,0.00010409076714895389,0.0,,,0.00020815986677768527
228,/dataworld/gardening_hint/split_to,1-1,99,10,10,10,14,0.699999988079071,0.0,0.0,0.10101010101010101,146,/education/educational_institution/campuses,10,0.01876172607879925,0.01607717041800643,0.03164556962025317,146,/education/educational_institution/campuses,10,0.10101010101010101,0.01876172607879925,0.01607717041800643,0.025599999999999998,81,/education/educational_institution_campus/educational_institution,0.006045569620253169
229,/medicine/disease/risk_factors,M-N,162,13,13,13,15,0.5219780291829791,0.2666666805744171,0.13333333333333333,0.0,,,0,0.0,0.0,0.0,,,0,0.0,0.0,0.0,0.0,,,0.0
230,/film/film/prequel,1-1,180,18,18,18,33,0.8214285629136222,0.27272728085517883,0.21212121212121213,0.15,97,/award/award_nominated_work/award_nominations./award/award_nomination/nominated_for,27,0.03765690376569038,0.03103448275862069,0.06020066889632107,97,/award/award_nominated_work/award_nominations./award/award_nomination/nominated_for,27,0.15,0.03765690376569038,0.03103448275862069,0.030534351145038167,141,/award/award_winning_work/awards_won./award/award_honor/honored_for,0.029666317751282905
231,/base/localfood/seasonal_month/produce_available./base/localfood/produce_availability/seasonal_months,M-N,108,3,3,3,6,1.0,0.0,0.0,0.0,,,0,0.0,0.0,0.0,,,0,0.0,0.0,0.0,0.0,,,0.0
232,/film/actor/dubbing_performances./film/dubbing_performance/language,M-1,112,12,12,12,14,0.5357142857142857,0.1428571492433548,0.14285714285714285,0.008928571428571428,140,/education/field_of_study/students_majoring./education/education/student,1,0.003861003861003861,0.002702702702702703,0.005390835579514825,140,/education/field_of_study/students_majoring./education/education/student,1,0.008928571428571428,0.003861003861003861,0.002702702702702703,0.0,,,0.005390835579514825
233,/broadcast/content/artist,1-N,102,14,14,14,18,0.6122449040412903,0.0555555559694767,0.05555555555555555,0.0,,,0,0.0,0.0,0.0,,,0,0.0,0.0,0.0,0.0,,,0.0
234,/location/statistical_region/gni_per_capita_in_ppp_dollars./measurement_unit/dated_money_value/currency,M-1,149,0,0,0,0,,,,0.0,,,0,0.0,0.0,0.0,,,0,0.0,0.0,0.0,0.0,,,0.0
235,/music/instrument/family,M-1,100,6,6,6,5,0.29761904903820585,0.4000000059604645,0.4,0.43,75,/music/performance_role/track_performances./music/track_contribution/role,43,0.011330698287220026,0.011163032191069575,0.08375209380234507,57,/music/performance_role/guest_performances./music/recording_contribution/performance_role,25,0.25,0.05030181086519115,0.043706293706293704,0.026134301270417423,9,/music/performance_role/regular_performances./music/group_membership/role,0.05761779253192764
236,/government/politician/government_positions_held./government/government_position_held/jurisdiction_of_office,M-1,106,9,9,9,12,0.3888888955116272,0.5833333134651184,0.3333333333333333,0.0,,,0,0.0,0.0,0.0,,,0,0.0,0.0,0.0,0.0,,,0.0
